id,identifier_KR,identifier,species_id,height,weight,base_experience,order,is_default,max_cp,attack,defense,stamina,evolution,type0,type1,attack0,attack1,attack2,attack3,attack4,desc
1,이상해씨,bulbasaur,1,7,69,64,1,1,981,118,118,90,2,12,4,106,113,59,34,81,양지에서 낮잠 자는 모습을 볼 수 있다. 태양의 빛을 많이 받으면 등의 씨앗이 크게 자란다.
2,이상해풀,ivysaur,2,10,130,142,2,1,1552,151,151,120,3,12,4,107,106,59,79,81,꽃봉오리를 지탱하기 위해 하반신이 강해진다. 양지에서 가만히 있는 시간이 길어지면 드디어 커다란 꽃이 필 때다.
3,이상해꽃,venusaur,3,20,1000,236,3,1,2568,198,198,160,0,12,4,107,106,59,24,79,충분한 영양분과 태양의 빛이 꽃의 색을 선명하게 만든다고 한다. 꽃의 향기는 사람의 마음을 치유한다.
4,파이리,charmander,4,6,85,62,5,1,831,116,96,78,5,10,0,101,112,67,68,8,꼬리의 불꽃은 기분을 표현한다. 즐거울 때는 흔들흔들 불꽃이 흔들리고 화가 났을 때는 활활 맹렬히 불타오른다.
5,리자드,charmeleon,5,11,190,142,6,1,1484,158,129,116,6,10,0,101,112,78,68,8,날카로운 발톱으로 봐주지 않고 때려눕힌다. 강한 적을 만나면 기분이 고양되며 꼬리의 불꽃이 푸르스름하게 불타오른다.
6,리자몽,charizard,6,17,905,240,7,1,2686,223,176,156,0,10,3,101,102,69,52,8,강한 상대를 찾아 하늘을 날아다닌다. 무엇이든 다 녹여버리는 고열의 불꽃을 자신보다 약한 자에게 들이대지 않는다.
7,꼬부기,squirtle,7,5,90,63,10,1,808,94,122,88,8,11,0,128,113,32,33,71,등껍질의 역할은 몸을 지키는 것뿐만이 아니다. 둥그런 모양과 표면의 홈이 물의 저항을 줄여서 빠르게 헤엄칠 수 있다.
8,어니부기,wartortle,8,10,225,142,11,1,1324,126,155,118,9,11,0,122,94,32,19,73,푹신한 털로 덮인 큰 꼬리는 오래 살수록 깊은 색으로 변한다. 등껍질의 상처는 강자임을 증명한다.
9,거북왕,blastoise,9,16,855,239,12,1,2291,171,210,158,0,11,0,122,94,17,19,73,등껍질의 분사구로 하는 조준은 정확하다. 물 탄환으로 50m 떨어진 빈 캔을 명중시킬 수 있다.
10,캐터피,caterpie,10,3,29,39,14,1,393,55,62,90,10,7,0,93,113,91,,,몸보다 커다란 잎사귀를 순식간에 먹어치울 정도의 식욕을 지녔다. 더듬이로 강렬한 냄새를 피운다.
11,단데기,metapod,11,7,99,72,15,1,419,45,94,100,11,7,0,93,113,91,,,몸의 껍질은 철판처럼 단단하다. 움직임이 적은 것은 껍질 안에서 부드러운 몸이 진화 준비를 하고 있어서다.
12,버터플,butterfree,12,11,320,173,16,1,1701,167,151,120,0,7,3,93,126,26,74,65,맛있는 꽃의 꿀을 찾는 능력이 뛰어나서 사는 곳에서 10km 떨어진 장소에 핀 꽃에서 꿀을 모아 옮긴다.
13,뿔충이,weedle,13,3,32,39,17,1,397,63,55,80,14,7,4,93,127,91,,,굉장히 예민한 후각을 지니고 있다. 좋아하는 잎사귀인지 싫어하는 잎사귀인지 크고 빨간 코로 냄새 맡아 구별한다.
14,딱충이,kakuna,14,6,100,72,18,1,392,46,86,90,15,7,4,93,127,91,,,거의 움직이지 않고 나무에 매달려 있지만 내부는 진화 준비로 굉장히 바쁜 상태다. 그 증거로 몸이 뜨거워져 있다.
15,독침붕,beedrill,15,10,295,173,19,1,1777,169,150,130,0,7,4,93,116,59,22,66,영역에 대한 집착이 매우 강해서 독침붕이 사는 곳에는 가까이 가지 않는 것이 신상에 좋다. 화나면 집단으로 습격해 온다.
16,구구,pidgey,16,3,18,50,20,1,580,85,76,80,17,1,3,111,113,50,22,82,방향 감각이 매우 뛰어나서 아무리 멀리 떨어진 곳에서도 헤매지 않고 자신의 둥지까지 찾아 돌아올 수 있다.
17,피죤,pidgeotto,17,11,300,122,21,1,1085,117,108,126,18,1,3,102,130,50,22,82,넓은 영역을 날며 순찰한다. 영역을 침범하는 상대는 용서하지 않는다. 날카로운 발톱으로 철저히 혼내준다.
18,피죤투,pidgeot,18,15,395,211,22,1,1994,166,157,166,0,1,3,102,130,83,22,82,아름답게 윤이 나는 깃털을 가진 포켓몬이다. 머리 깃털의 아름다움에 마음을 빼앗겨 피죤투를 기르는 트레이너도 많다.
19,꼬렛,rattata,19,3,35,51,23,1,588,103,70,60,20,1,0,113,111,9,88,89,경계심이 매우 강해서 자고 있을  때도 귀를 움직여 소리를 듣고있다.어디서든 자리를 잡고 둥지를 만든다.
20,레트라,raticate,20,7,185,145,24,1,1549,161,144,110,0,1,0,94,111,9,88,2,튼튼한 이빨은 계속 자라기 때문에 바위나 큰 나무를 갉아서 갈아낸다. 집의 벽을 갉아 놓기도 한다.
21,깨비참,spearow,21,3,20,52,25,1,673,112,61,80,22,1,3,103,111,22,18,50,큰 울음소리는 1km 밖까지 도달한다. 여기저기에서 높은 울음소리가 들릴 때는 동료에게 위험을 알리고 있는 신호다.
22,깨비드릴조,fearow,22,12,380,155,26,1,1814,182,135,130,0,1,3,103,130,22,23,50,긴 목과 부리는 땅이나 물 안에 있는 먹이를 잡기 편리하다. 가늘고 긴 부리로 능숙히 집는다.
23,아보,ekans,23,20,69,58,27,1,778,110,102,70,24,4,0,127,117,1,59,61,빙빙 몸을 말고 쉬고 있는 것은 어떤 방향에서 적이 습격해 와도 빠르게 머리를 틀어 위협할 수 있기 때문이다.
24,아보크,arbok,24,35,650,153,28,1,1737,167,158,120,0,4,0,94,117,3,60,61,조이는 힘이 매우 강력하다. 드럼통도 납작하게 짜부라트린다. 휘감기면 도망가는 것이 불가능하다.
25,피카츄,pikachu,25,4,60,105,30,1,787,112,101,70,26,13,0,97,111,16,49,48,처음 보는 것에게는 전격을 맞춘다. 새까맣게 탄 나무열매가 떨어져 있다는 것은 전격의 세기를 조절하지 못했다는 증거다.
26,라이츄,raichu,26,8,300,214,31,1,2025,193,165,120,0,13,0,97,98,84,47,48,전기 주머니에 전기가 넘칠 정도로 차면 꼬리를 땅에 닿게 하여 방전한다. 사는 곳 근처의 땅에는 탄 흔적이 있다.
27,모래두지,sandshrew,27,6,120,60,32,1,1194,126,145,100,28,5,0,112,108,9,38,37,몸이 수분을 효율적으로 흡수하기 때문에 건조한 모래땅에서도 문제없다. 몸을 둥글게 만들어 적의 공격을 막는다.
28,고지,sandslash,28,10,295,158,33,1,2328,182,202,150,0,5,0,120,108,12,37,63,몸의 가시는 피부가 딱딱해진 것이다. 1년에 1회 오래된 가시가 빠지고 새로운 가시가 밑에서 돋아난다.
29,니드런♀,nidoran-f,29,4,70,55,34,1,736,86,94,110,30,4,0,94,127,27,89,59,작은 몸을 지키기 위해 강력한 독침이 발달한 것이라 여겨진다. 화가 나면 뿔 끝에서 맹독을 뿜는다.
30,니드리나,nidorina,30,8,200,128,35,1,1218,117,126,140,31,4,0,94,127,27,9,59,동료나 가족과 함께일 때에는 서로 상처 입히지 않도록 가시를 세우지 않는다. 동료와 떨어지면 불안해하는 것 같다.
31,니드퀸,nidoqueen,31,13,600,223,36,1,2338,180,174,180,0,4,5,116,94,12,60,13,단단한 비늘로 뒤덮인 몸을 부딪혀서 상대를 튕겨내는 공격이 특기다. 자식을 지킬 때 가장 강하다.
32,니드런♂,nidoran-m,32,5,90,55,37,1,739,105,76,92,33,4,0,103,127,86,89,59,귀를 움직이는 근육이 발달하여 어떤 방향으로도 자유로이 귀를 움직일 수 있다. 희미한 소리도 빠트리지 않고 듣는 포켓몬이다.
33,니드리노,nidorino,33,9,195,128,38,1,1252,137,112,122,34,4,0,116,127,86,9,59,다이아몬드보다 단단한 뿔을 지녔다. 적의 기척을 느끼면 등의 달린 가시를 일제히 세우고 전력을 다해 맞선다.
34,니드킹,nidoking,34,14,620,223,39,1,2386,204,157,162,0,4,5,116,92,12,60,7,두꺼운 꼬리는 한 번 휘두르면 튼튼한 철탑도 꺾어 버리는 엄청난 파괴력을 지녔다. 한 번 날뛰기 시작하면 손쓸 수 없다.
35,삐삐,clefairy,35,6,75,113,41,1,1085,107,116,140,36,18,0,114,125,53,89,56,보름달 밤에는 기운차게 논다. 동틀 녘에 지친 삐삐들은 조용한 산 속에서 동료와 바싹 붙어 잠잔다.
36,픽시,clefable,36,13,400,213,42,1,2353,178,171,190,0,18,0,114,125,55,74,56,날개를 사용하여 날아가듯 뛰어간다. 물 위에서 걷는 것도 할 수 있다. 조용한 달밤에 호수를 걷는다.
37,식스테일,vulpix,37,6,99,60,43,1,774,96,122,76,38,10,0,111,101,89,8,67,태어났을 때에는 하얀 꼬리가 한 개다. 애정을 많이 받으면 꼬리가 6개로 나뉘며 멋지게 말린다.
38,나인테일,ninetales,38,11,199,177,44,1,2157,169,204,146,0,10,0,129,101,21,8,69,새빨간 눈은 괴상한 빛을 발산하여 상대의 마음을 자유로이 조종한다. 1000년을 산다고 전해진다.
39,푸린,jigglypuff,39,5,55,95,46,1,713,80,44,230,40,1,18,114,129,53,55,89,목소리의 파장을 자유로이 바꿀 수 있는 성대가 있어서 상대가 가장 졸리게 되는 파장으로 노래를 부를 수 있다.
40,푸크린,wigglytuff,40,10,120,191,47,1,1906,156,93,280,0,1,18,114,129,55,2,57,크고 동그란 눈동자 표면에는 항상 얇은 눈물 막이 쳐져 있다. 먼지가 들어가도 바로 씻겨 나간다.
41,주뱃,zubat,41,8,75,49,48,1,569,83,76,80,42,4,3,111,94,27,82,59,낮에 어두운 곳에서 가만히 있는 것은 긴 시간 동안 햇빛을 받으면 전신에 가벼운 화상을 입기 때문이다.
42,골뱃,golbat,42,16,550,159,49,1,1830,161,153,150,169,4,3,102,94,27,82,42,생물의 혈액을 매우 좋아한다. 특히 한밤중에 활동하는 경우가 많으며 생피를 찾아 밤하늘을 날아다닌다.
43,뚜벅쵸,oddish,43,5,54,64,51,1,1069,131,116,90,44,12,4,107,117,34,59,56,낮에 땅속에 몸을 묻고 땅의 영양을 전신으로 빨아올린다. 비옥한 땅일수록 잎사귀에 윤이 난다고 한다.
44,냄새꼬,gloom,44,8,86,138,52,1,1512,153,139,120,45,12,4,107,117,24,59,56,위험을 느끼면 암술이 내는 구린 냄새가 더 강해지지만 마음이 평안할 때는 구린 냄새를 내지 않는다.
45,라플레시아,vileplume,45,12,186,216,53,1,2367,202,170,150,0,12,4,107,117,24,79,56,독 꽃가루는 심한 알레르기를 일으킨다. 정글에서 아름다운 꽃을 발견해도 섣불리 다가가지 않는 것이 좋다.
46,파라스,paras,46,3,54,57,55,1,836,121,99,70,47,7,12,112,93,58,66,34,파라스로부터 양분을 빨아들여 자란 버섯은 동충하초라고 불리고 있다. 장수의 약이 되는 귀중한 버섯이다.
47,파라섹트,parasect,47,10,295,142,56,1,1657,165,146,120,0,7,12,93,92,58,66,79,파라섹트는 집단으로 큰 나무의 밑동에 붙어 영양을 빨아들인다. 말라버리면 일제히 다른 나무로 이동한다.
48,콘팡,venonat,48,10,300,61,57,1,902,100,102,120,49,7,4,93,126,27,11,65,몸을 지키기 위해 가늘고 딱딱한 털이 전신을 둘러싸게 됐다고 전해진다. 작은 먹잇감도 놓치지 않는 눈을 가졌다.
49,도나리,venomoth,49,15,125,158,58,1,1937,179,150,140,0,7,4,93,126,27,74,26,야행성으로 밤에 활동을 시작한다. 가로등 빛에 이끌려 모여든 작은 벌레를 즐겨 먹는다.
50,디그다,diglett,50,2,8,53,59,1,465,109,88,20,51,5,0,108,112,124,9,64,농가 대부분이 디그다를 기르고 있다. 디그다가 구멍을 판 땅은 적당히 일궈져 있어 맛있는 채소가 재배되기 때문이다.
51,닥트리오,dugtrio,51,7,333,142,60,1,1333,167,147,70,0,5,0,95,108,12,64,13,본래 하나의 몸에서 세쌍둥이가 된 것이라 모두 생각하는 것이 같다. 힘을 모아 끝없이 파나간다.
52,나옹,meowth,52,4,42,58,61,1,638,92,81,80,53,1,0,112,94,28,3,89,날카로운 발톱을 집어넣고 살글살금 발소리을 내지 않고 걸을 수 있다. 반짝반짝 빛나는 동전을 왠지 모르겠지만 매우 좋아한다.
53,페르시온,persian,53,10,320,154,62,1,1539,150,139,130,0,1,0,112,129,28,39,57,튼튼한 6가닥의 수염은 공기의 움직임으로 주변의 상태를 파악하는 역할을 한다. 수염을 잡히면 얌전해진다.
54,고라파덕,psyduck,54,8,196,64,63,1,966,122,96,100,55,11,0,122,125,11,33,10,이상한 힘을 발휘하는 고라파덕에게서 잠들어 있는 때만 발산되는 뇌파가 관측되어 학회에서 화제가 되었다.
55,골덕,golduck,55,17,766,175,64,1,2270,191,163,160,0,11,0,122,126,74,73,19,손발의 물갈퀴와 유선형의 몸이 수중에서 무서울 만큼 빠른 스피드를 만들어낸다. 금메달리스트보다 단연 빠르다.
56,망키,mankey,56,5,280,61,65,1,1002,148,87,80,57,2,0,100,112,10,31,84,몸이 떨리며 콧김이 거칠어지면 화를 낼 조짐이지만 순식간에 격렬하게 화를 내기 때문에 도망갈 틈이 없다.
57,성원숭,primeape,57,10,320,159,66,1,2105,207,144,130,0,2,0,99,100,10,31,28,격렬하게 화를 내면 혈액 순환이 좋아져 근육의 힘을 강하게 만든다. 단 머리 회전은 느려진다.
58,가디,growlithe,58,7,190,70,67,1,1110,136,96,110,59,10,0,101,94,6,89,8,후각이 뛰어나서 한 번 맡은 냄새는 무슨 일이 있어도 절대 잊지 않는다. 상대의 기분을 냄새로 감지한다.
59,윈디,arcanine,59,19,1550,194,68,1,2839,227,166,180,0,10,0,131,94,69,8,63,10000km 거리를 하루 만에 달려간다고 전해지는 매우 빠른 포켓몬이다. 체내에서 불타오르는 불꽃이 파워가 된다.
60,발챙이,poliwag,60,6,124,60,69,1,695,101,82,80,61,11,0,128,108,29,64,89,소용돌이 모양인 내장이 비칠 정도로 얇은 피부이지만 날카로운 이빨을 튕겨내는 탄력을 지니고 있다.
61,슈륙챙이,poliwhirl,61,10,200,135,70,1,1313,130,130,130,62,11,0,128,108,72,64,29,항상 몸의 표면이 액체로 미끈미끈하게 젖어 있어서 적에게 붙잡혀도 미끄덩 빠져나와 도망갈 수 있다.
62,강챙이,poliwrath,62,13,540,225,71,1,2441,182,187,180,0,11,2,128,108,73,30,14,강인하게 발달된 근육은 아무리 운동해도 지치는 일이 없다. 태평양도 가볍게 횡단할 수 있을 정도다.
63,캐이시,abra,63,9,195,62,73,1,1148,195,103,50,64,14,0,125,35,65,43,,하루에 18시간 잠들어 있는 포켓몬이다. 잠든 상태에서도 적의 기척을 감지하면 순간이동하여 도망칠 수 있다.
64,윤겔라,kadabra,64,13,565,140,74,1,1859,232,138,80,65,14,0,118,126,11,55,43,두통을 유발하는 특수한 알파파를 발산하기 때문에 강한 정신력의 소유자가 아니면 윤겔라의 트레이너가 될 수 없다.
65,후딘,alakazam,65,15,480,221,75,1,2887,271,194,110,0,14,0,118,126,74,55,43,뇌가 점점 커져서 목으로 지탱할 수 없을 만큼 머리가 무거워졌다. 초능력으로 머리를 지탱하고 있다.
66,알통몬,machop,66,8,195,61,77,1,1199,137,88,140,67,2,0,99,100,31,84,10,아무리 운동을 해도 아프지 않은 특별한 근육을 가진 포켓몬이다. 어른 100명을 내던지는 파워다.
67,근육몬,machoke,67,15,705,142,78,1,1910,177,130,160,68,2,0,99,100,30,84,10,잘 단련된 근육은 강철처럼 단단하다. 씨름 선수의 몸을 손가락 1개로 들어올릴 수 있는 괴력의 포켓몬이다.
68,괴력몬,machamp,68,16,1300,227,79,1,2889,234,162,180,0,2,0,121,100,13,30,10,무엇이든 내던질 수 있는 파워를 지녔으나 세밀한 작업을 하면 팔이 얽히고 만다. 생각하기보다 몸이 먼저 움직인다.
69,모다피,bellsprout,69,7,40,60,80,1,916,139,64,100,70,12,4,106,117,81,59,1,가늘고 유연한 몸은 아무리 강한 공격이라도 휘어져 피할 수 있다. 입에서 철도 녹일 수 있는 액체가 나온다.
70,우츠동,weepinbell,70,10,64,137,81,1,1475,172,95,130,71,12,4,107,117,81,59,34,밤이 되면 엉덩이의 갈고리를 나뭇가지에 걸고 매달려서 잠든다. 잠버릇이 나쁘면 아침에 떨어져 있다.
71,우츠보트,victreebel,71,17,155,216,82,1,2268,207,138,160,0,12,4,107,117,80,59,79,머리에 달린 긴 덩굴을 작은 생물처럼 움직여서 먹이를 유인한다. 가까이 왔을 때 덥석 한 번에 삼킨다.
72,왕눈해,tentacool,72,9,455,67,83,1,956,97,182,80,73,11,4,128,127,29,71,1,몸 대부분이 물로 되어 있어 바다에서 나오면 바싹 말라버린다. 말라버렸을 때에는 바다로 돌려보내 주자.
73,독파리,tentacruel,73,16,550,180,84,1,2374,166,237,160,0,11,4,117,116,73,60,20,머리의 붉은 구슬이 반짝일 때 격렬한 초음파가 주변에 발사된다. 그때 바다가 격렬히 파도친다고 한다.
74,꼬마돌,geodude,74,4,200,60,85,1,1193,132,163,80,75,6,5,119,113,38,37,9,오래 산 꼬마돌일수록 몸의 모난 부분이 깎여 둥그렇게 되지만 마음은 언제까지나 울퉁불퉁 뾰족하고 거칠다.
75,데구리,graveler,75,10,1050,137,86,1,1815,164,196,110,76,6,5,119,108,124,9,13,바위를 먹고 성장하는 포켓몬이다. 이끼가 낀 바위를 좋아하는 것 같다. 하루에 1톤의 바위를 먹어버린다.
76,딱구리,golem,76,14,3000,218,87,1,2916,211,229,160,0,6,5,119,108,13,36,12,큰 지진이 일어나면 산에 사는 딱구리 여러 마리가 산기슭까지 데굴데굴 굴러 내려오는 일이 있다.
77,포니타,ponyta,77,10,300,82,88,1,1502,170,132,100,78,10,0,113,101,67,6,69,막 태어나서는 겨우 설 수 있는 정도지만 넘어지면서 부모의 뒤를 쫓아다니는 동안 하반신이 튼튼하게 자라난다.
78,날쌩마,rapidash,78,17,950,175,89,1,2252,207,167,130,0,10,0,99,101,69,23,21,평상시에는 느긋하게 들판을 뛰어다니지만 한 번 마음먹으면 갈기의 불꽃을 불태우며 시속 240km로 달린다.
79,야돈,slowpoke,79,12,360,63,90,1,1204,109,109,180,80,11,14,122,126,71,35,74,꼬리를 강에 넣고 먹이를 낚지만 이윽고 무엇을 하고 있었는지 잊고 강변에 엎드려 누운 채로 하루를 보낸다.
80,야도란,slowbro,80,16,785,172,91,1,2482,177,194,190,81,11,14,122,126,71,74,19,셀러가 물고 있어서 꼬리로 먹이를 낚을 수 없게 된 야도란은 마지못해 물속을 헤엄쳐 먹잇감을 잡고 있다.
81,코일,magnemite,81,3,60,65,93,1,1083,165,128,50,82,13,9,98,97,16,44,49,전선에 들러붙어 전기를 먹고 있다. 정전이 되면 누전차단기를 살펴보자. 코일이 빽빽이 들러붙어 있을지도 모른다
82,레어코일,magneton,82,10,600,163,94,1,2237,223,182,100,462,13,9,98,97,16,44,17,강한 자력으로 기계를 망가트리기 때문에 큰 마을에서는 사이렌을 울려 레어코일의 대량 발생을 알린다.
83,파오리,farfetchd,83,8,150,123,96,1,1092,124,118,104,0,1,3,115,92,22,82,80,가지고 있는 식물의 줄기에도 좋은 것과 그렇지 않은 것이 있는 듯하여 파오리들이 줄기를 둘러싸고 싸우는 일도 있다.
84,두두,doduo,84,14,392,62,97,1,1011,158,88,70,85,1,3,103,111,18,22,85,2개의 머리가 동시에 잠드는 일은 없다. 잠을 잘 때에는 적에게 습격당하지 않도록 교대로 망을 보고 있기 때문이다.
85,두트리오,dodrio,85,18,852,161,98,1,2138,218,145,120,0,1,3,129,130,18,22,82,3개의 머리가 서로 다른 방향을 향하고 있을 때는 경계 중인 증거다. 섣불리 가까이 가면 부리에 쪼인다.
86,쥬쥬,seel,86,11,900,65,99,1,899,85,128,130,87,11,0,104,109,122,32,76,얼음으로 뒤덮인 바다에서 먹이를 잡는다. 숨을 쉴 때는 머리의 돌출된 부분으로 얼음을 깨고 바다 밖으로 얼굴을 내민다.
87,쥬레곤,dewgong,87,17,1200,166,100,1,1894,139,184,180,0,11,15,110,109,76,32,20,차가운 얼음 위에서 자는 것을 매우 좋아한다. 옛날에 빙산에서 자는 모습을 본 뱃사람이 인어로 착각했다.
88,질퍽이,grimer,88,9,300,65,101,1,1269,135,90,160,89,4,0,116,117,124,4,64,흐물흐물 물렁물렁한 몸은 아무리 좁은 틈이라도 파고들어 갈 수 있다. 하수관에 들어가 지저분한 물을 마신다.
89,질뻐기,muk,89,12,300,175,102,1,2709,190,184,210,0,4,0,104,117,116,3,61,몸에서 배어 나오는 체액은 코를 찌를 정도로 강렬한 냄새를 뿜는다. 한 방울로 수영장의 물이 탁해지고 냄새가 난다.
90,셀러,shellder,90,3,40,61,103,1,958,116,168,60,91,11,0,109,113,29,71,76,밤이 되면 큰 혀로 해저의 모래에 구멍을 뚫고 그 안에서 잔다. 혀를 내민 채로 껍질을 닫고 잠든다.
91,파르셀,cloyster,91,15,1325,184,104,1,2475,186,323,100,0,11,15,110,109,76,73,20,들이마신 바닷물을 뒤쪽으로 기운차게 뿜어내서 바닷속을 헤엄친다. 같은 방법으로 가시도 발사한다.
92,고오스,gastly,92,13,1,62,105,1,1002,186,70,60,93,8,4,104,95,42,3,59,강풍을 맞으면 가스로 된 몸은 금세 날려져서 작아진다. 바람을 피해 고오스가 처마 밑에 모인다.
93,고우스트,haunter,93,16,1,142,106,1,1716,223,112,90,94,8,4,105,104,43,3,59,어둠 속에서 나타나는 고우스트가 손짓해도 절대 가까이 가면 안 된다. 날름 핥아져 생명을 빨린다.
94,팬텀,gengar,94,15,405,225,107,1,2619,261,156,120,0,8,4,95,105,43,3,59,한밤중 가로등 빛에 생겨난 그림자가 자신을 앞질러 가는 것은 팬텀이 그림자인 척하며 뛰어가기 때문이다.
95,롱스톤,onix,95,88,2100,77,109,1,1002,85,288,70,208,6,5,119,113,38,13,45,뇌에 자석이 있어서 땅속을 파고 나가도 방향을 틀리지 않는다. 나이를 먹을수록 몸이 둥그스름해진다.
96,슬리프,drowzee,96,10,324,66,111,1,992,89,158,120,97,14,0,114,126,11,35,74,잠들었을 때 너의 코가 근질근질하다면 슬리프가 머리맡에 서서 콧구멍을 통해 꿈을 먹으려고 하는 신호다.
97,슬리퍼,hypno,97,16,756,169,112,1,2048,144,215,170,0,14,0,125,126,35,74,43,손에 쥐고 있는 추의 움직임과 반짝임이 상대를 깊은 최면 상태에 빠뜨린다. 먹이를 찾으며 추를 손질하고 있다.
98,크랩,krabby,98,4,65,65,113,1,1386,181,156,60,99,11,0,128,108,5,29,71,모래 해변에 구멍을 뚫고 거기서 살고 있다. 먹이가 적은 모래 해변에서는 자리 확보를 위해 다투는 크랩들을 볼 수 있다.
99,킹크랩,kingler,99,13,600,166,114,1,2694,240,214,110,0,11,0,120,108,5,66,71,킹크랩은 거대한 집게를 휘둘러 동료 간에 신호를 보내지만 집게가 무거워서 곧 지쳐버린다.
100,찌리리공,voltorb,100,5,104,66,115,1,857,109,114,80,101,13,0,98,113,16,49,65,몬스터볼을 만드는 회사에서 처음 발견됐다는 점과 생김새가 비슷한 점의 관련성은 아직도 수수께끼다.
101,붐볼,electrode,101,12,666,168,116,1,1900,173,179,120,0,13,0,98,113,16,49,2,공기 중의 전기 에너지를 먹는다. 번개가 치는 날에는 전기를 너무 먹은 붐볼이 이곳저곳에서 대폭발한다.
102,아라리,exeggcute,102,4,25,65,117,1,1102,107,140,120,103,12,14,126,34,74,36,,동료애가 강한 여섯 알은 서로 끌어당기며 빙글빙글 회전하고 있다. 껍질의 금이 늘어나면 진화가 가까워진 것.
103,나시,exeggutor,103,20,1200,182,118,1,2916,233,158,190,0,12,14,126,125,34,74,79,남쪽 나라 태생인 나시의 머리는 강한 햇빛을 잔뜩 받고 점점 자라 땅에 떨어지면 아라리가 된다고 한다.
104,탕구리,cubone,104,4,65,64,119,1,943,90,165,100,105,5,0,124,132,62,9,63,두 번 다시 만나지 못하는 어미의 모습을 보름달에서 발견하고 울음소리를 낸다. 뒤집어쓰고 있는 뼈의 얼룩은 눈물 자국이다.
105,텅구리,marowak,105,10,450,149,120,1,1691,144,200,120,0,5,0,124,132,62,9,12,어미를 만날 수 없는 슬픔을 극복한 탕구리가 늠름하게 진화한 모습이다. 단련된 마음은 간단히 꺾이지 않는다.
106,시라소몬,hitmonlee,106,15,498,159,122,1,2406,224,211,100,107,2,0,99,132,87,31,13,자유롭게 신축되는 다리로 강렬한 킥을 날려 상대를 발로 차 쓰러뜨린다. 싸운 뒤에 지친 다리를 주물러 풀어준다.
107,홍수몬,hitmonchan,107,14,502,159,123,1,2098,193,212,100,237,2,0,121,132,78,14,47,세계 챔피언을 목표했던 복서의 혼이 깃들었다고 하는 홍수몬은 불굴의 정신으로 절대 지쳐 쓰러지지 않는다.
108,내루미,lickitung,108,12,655,77,125,1,1322,108,137,180,463,1,0,104,125,2,87,81,처음 본 것은 반드시 핥아본다. 혀의 감촉과 맛으로 기억해두는 것이다. 하지만 시큼한 것을 핥는 것은 조금 꺼린다.
109,또가스,koffing,109,6,10,68,127,1,1091,119,164,80,110,4,0,117,113,4,59,3,자극 받으면 가스의 독소가 강해져 몸의 이곳저곳에서 강하게 내뿜는다. 동그랗게 부풀어 오른 후 대폭발한다.
110,또도가스,weezing,110,12,95,172,128,1,2183,174,221,130,0,4,0,117,113,59,43,3,부패한 음식물 쓰레기에서 나온 가스를 매우 좋아한다. 청소하지 않는 집에서 눌러살며 가족이 모두 잠든 한밤중에 쓰레기통을 뒤진다.
111,뿔카노,rhyhorn,111,10,1150,69,129,1,1679,140,157,160,112,5,6,124,132,63,86,87,오로지 곧장 돌진하여 부순다. 강철 덩어리에 부딪혀도 멀쩡하지만 하루가 지나면 아픔을 조금 느낀다.
112,코뿌리,rhydon,112,19,1200,170,130,1,3300,222,206,210,464,5,6,124,132,7,12,13,뿔은 다이아몬드 원석을 부수고 꼬리의 일격은 빌딩을 쓰러뜨린다. 단단한 피부는 대포에도 상처 입지 않는다.
113,럭키,chansey,113,11,346,395,133,1,1469,60,176,500,242,1,0,114,125,74,2,11,영양 만점인 알을 매일 낳는다. 식욕을 잃은 사람도 한 번에 먹어치울 정도로 맛있는 알이다.
114,덩쿠리,tangela,114,10,350,87,135,1,2208,183,205,130,465,12,0,106,81,59,79,,적에게 붙잡히면 덩굴이 뚝 하고 끊긴다. 전혀 아프지 않기 때문에 그 틈에 도망간다. 다음 날에는 새로운 덩굴이 자란다.
115,캥카,kangaskhan,115,22,800,172,137,1,2463,181,165,210,0,1,0,124,99,84,12,87,캥카의 새끼가 혼자서 놀고 있어도 절대로 잡으려 하면 안 된다. 가까이 있는 부모가 격렬히 화낸다.
116,쏘드라,horsea,116,4,80,59,139,1,921,129,125,60,117,11,0,122,128,29,51,17,작은 벌레나 바위의 이끼를 먹는다. 해류가 빨라지면 꼬리로 바위나 산호를 휘감아 떠내려가지 않게 한다.
117,시드라,seadra,117,12,250,154,140,1,1979,187,182,110,230,11,0,122,96,20,51,73,산호 가지 사이로 들어가 잠잔다. 시드라가 있는 줄 모르고 산호를 잡으려다 독가시에 찔리곤 한다.
118,콘치,goldeen,118,6,150,64,142,1,1006,123,115,90,119,11,0,103,108,71,86,33,물속에서 우아하게 나부끼는 지느러미가 매우 아름다운 포켓몬이지만 방심하면 강렬한 뿔의 일격을 당한다.
119,왕콘치,seaking,119,13,390,158,143,1,2040,175,154,160,0,11,0,103,116,76,23,7,가을이 되면 암컷에게 프로포즈하기 위해 강바닥에서 춤추는 수컷을 볼 수 있다. 몸의 색이 가장 아름다운 계절이다.
120,별가사리,staryu,120,8,345,68,144,1,926,137,112,60,121,11,0,111,113,122,85,29,여름이 끝날 무렵 밤에 모래 해변에 가면 핵이라고 불리는 기관을 붉게 빛내는 별가사리가 별처럼 보인다.
121,아쿠스타,starmie,121,11,800,182,145,1,2303,210,184,120,0,11,14,111,113,122,73,74,몸의 중심에 있는 핵이라 불리는 부분이 일곱 빛깔로 빛나기에 바다의 보석이라는 별명이 붙었다.
122,마임맨,mr-mime,122,13,545,161,147,1,1984,192,233,80,0,14,18,126,125,11,74,43,몸짓으로 눈에 보이지 않는 것이 그곳에 있다고 믿게 만드는 팬터마임의 달인이다. 있다고 믿게 만든 것은 정말로 나타난다.
123,스라크,scyther,123,15,560,100,148,1,2464,218,170,140,212,7,3,92,130,28,66,26,눈에 보이지 않는 빠른 스피드가 양팔에 달린 낫의 날카로움을 한층 높여준다. 한 번 휘두르면 큰 나무도 두 동강 난다.
124,루주라,jynx,124,14,406,159,152,1,2512,223,182,130,0,15,14,110,114,54,14,35,춤추는 듯한 자세로 리드미컬하게 걷는다. 그 움직임을 보고 있는 사람마저 얼떨결에 허리를 흔들 정도로 경쾌하다.
125,에레브,electabuzz,125,11,300,172,154,1,2196,198,173,130,466,13,0,97,99,47,49,48,폭풍이 오면 나무 위처럼 벼락이 떨어질 만한 높은 장소로 앞다투어 올라간다. 피뢰침 대용으로 삼는 마을도 있다.
126,마그마,magmar,126,13,445,173,157,1,2254,206,169,130,467,10,0,101,100,69,78,8,싸우게 되면 몸에서 작열하는 불꽃을 뿜어내 상대를 위협한다. 그 열풍으로 주변의 초목도 불태운다.
127,쁘사이저,pinsir,127,15,550,175,159,1,2770,238,197,130,0,7,0,132,92,5,66,30,자신의 몸무게 두 배나 되는 상대를 뿔로 집어 가볍게 들어 올리는 괴력을 지녔다. 추운 곳에서는 몸의 움직임이 둔해진다.
128,켄타로스,tauros,128,14,884,172,161,1,2488,198,197,150,0,1,0,113,125,86,45,12,항상 날뛰지 않으면 성에 차지 않는다. 싸울 상대가 없을 때는 큰 나무를 들이받아 쓰러트리고 맘을 가라앉힌다.
129,잉어킹,magikarp,129,9,100,40,162,1,220,29,102,40,130,11,0,123,91,,,,튀어 오르기만 하는 한심한 포켓몬이다. 왜 튀어 오르는지 조사한 연구자가 있을 정도로 무조건 튀고 튀고 튀어 오르기만 한다.
130,갸라도스,gyarados,130,65,2350,189,163,1,3281,237,197,190,0,11,3,96,94,73,50,51,잉어킹에서 갸라도스로 진화할 때 뇌세포의 구조가 재구성되기 때문에 성격이 난폭해진다고 전해진다.
131,라프라스,lapras,131,25,2200,187,165,1,2980,186,190,260,0,11,15,110,109,51,19,20,사람이 멸종의 위기로 몰아버렸다. 해질녘이 되면 얼마 남지 않은 동료들을 찾아 구슬픈 울음소리로 노래한다고 한다.
132,메타몽,ditto,132,3,40,101,166,1,718,91,91,96,0,1,0,114,91,,,,몸의 세포를 재구성하여 변신한다. 전에 봤던 것을 기억해내면서 바뀌면 조금 다른 형태가 되어버린다.
133,이브이,eevee,133,3,65,65,167,1,969,104,121,110,134,1,0,111,113,9,85,89,사는 환경에 따라 돌연변이하는 불안정한 유전자를 지닌 포켓몬이다. 돌의 방사선이 진화를 일으킨다.
134,샤미드,vaporeon,134,10,290,184,168,1,3157,205,177,260,0,11,0,122,71,73,33,,돌연변이로 의해 물속에서 생활할 수 있도록 지느러미와 아가미가 생겨났다. 물을 자유로이 조종하는 힘을 지녔다.
135,쥬피썬더,jolteon,135,8,245,184,169,1,2730,232,201,130,0,13,0,97,16,49,48,,세포에서 나오는 약한 전기를 털의 정전기로 증폭시켜 번개를 떨어뜨린다. 곤두세운 털은 전기를 띤 바늘이다.
136,부스터,flareon,136,9,250,184,170,1,2904,246,204,130,0,10,0,101,69,8,21,,푹신한 털은 높이 오른 체온을 공기 중으로 발산하여 낮추는 기능을 지녔다. 체온은 최고 900도까지 올라간다.
137,폴리곤,porygon,137,8,365,79,176,1,1567,153,139,130,233,1,0,111,113,11,65,16,전신을 프로그램 데이터로 되돌려 전자 공간에 들어갈 수 있다. 복사 방지가 되어 있어 복사할 수 없다.
138,암나이트,omanyte,138,4,75,71,179,1,1345,155,174,70,139,6,11,122,108,36,70,37,오랜 옛날 멸종됐지만 인간의 손으로 화석에서 부활시킨 포켓몬 중 하나다. 적에게 습격당하면 단단한 껍질에 숨는다.
139,암스타,omastar,139,10,350,173,180,1,2685,207,227,140,0,6,11,119,122,36,73,38,촉수를 이용하여 먹이를 잡는다. 껍질이 너무 커진 탓에 움직임이 둔해져서 멸종했다고 여겨지고 있다.
140,투구,kabuto,140,5,115,71,181,1,1172,148,162,60,141,6,11,112,108,36,32,37,화석에서 부활한 포켓몬이지만 드물게 살아 있는 투구를 발견할 수 있다. 그 모습은 3억 년 동안 변치 않았다.
141,투구푸스,kabutops,141,13,405,173,182,1,2517,220,203,120,0,6,11,108,92,36,71,13,물속을 헤엄쳐 먹이를 잡았었다. 물에서의 생활을 지나 땅에서 살 수 있도록 아가미나 다리 등이 변화되기 시작했다.
142,프테라,aerodactyl,142,18,590,180,183,1,2608,221,164,160,0,6,3,130,94,36,45,2,물속을 헤엄쳐 먹이를 잡았었다. 물에서의 생활을 지나 땅에서 살 수 있도록 아가미나 다리 등이 변화되기 시작했다.
143,잠만보,snorlax,143,21,4600,189,186,1,3355,190,190,320,0,1,0,125,104,89,2,12,먹고 자는 것을 반복하다 하루가 끝난다. 큰 배 위를 놀이터로 삼은 어린아이들이 있을 정도로 얌전한 포켓몬이다.
144,프리져,articuno,144,17,554,261,187,1,2933,192,249,180,0,15,3,110,19,76,20,,얼음을 조종하는 전설의 새 포켓몬이다. 날개짓하면 공기가 차갑게 식기 때문에 프리져가 날면 눈이 온다고 전해진다.
145,썬더,zapdos,145,16,526,261,188,1,3330,253,188,180,0,13,3,97,16,49,48,,전기를 조종하는 전설의 새 포켓몬이다. 평상시는 번개구름 속에서 지낸다. 번개를 맞으면 힘이 솟아난다.
146,파이어,moltres,146,20,600,261,189,1,3272,251,184,180,0,10,3,101,69,21,8,,불꽃을 조종하는 전설의 새 포켓몬이다. 몸이 상처 입으면 분화구의 마그마에 들어가 전신을 불태워 상처를 치료한다고 한다.
147,미뇽,dratini,147,18,33,60,190,1,860,119,94,82,148,16,0,96,1,50,33,,미뇽이 탈피를 반복하는 것은 몸속에서 생명 에너지가 점점 부풀어올라 억제할 수 없게 되기 때문이다.
148,신뇽,dragonair,148,40,165,147,191,1,1609,163,138,122,149,16,0,96,1,33,51,,큰 에너지를 몸에 모으고 있다. 목과 꼬리의 수정에서 에너지를 발산하여 주변 날씨를 바꾼다고 한다.
149,망나뇽,dragonite,149,22,2100,270,192,1,3581,263,201,182,0,16,3,96,130,51,2,52,16시간 만에 지구를 한 바퀴 돌  수 있다. 폭풍으로 인해 난파 직전인 배를 발견하면 육지까지 유도하는 상냥한 포켓몬이다.
150,뮤츠,mewtwo,150,20,1220,306,193,1,4760,330,200,212,0,14,0,118,74,43,2,,유전자 조작에 의해서 만들어진 포켓몬. 인간의 과학력으로 몸은 만들 수 있었지만 상냥한 마음까지 재현해내는 일은 불가능했다.
151,뮤,mew,151,4,40,270,196,1,3083,210,209,200,0,14,0,114,83,12,74,51,모든 포켓몬의 유전자를 가졌다고 한다. 자유자재로 모습을 숨길수 있어서 사람에게 가까이 다가가도 절대 들키지 않는다.
152,치코리타,chikorita,152,9,64,64,197,1,801,92,122,90,0,0,0,,,,,,
153,베이리프,bayleef,153,12,158,142,198,1,1296,122,155,120,0,0,0,,,,,,
154,메가니움,meganium,154,18,1005,236,199,1,2227,168,202,160,0,0,0,,,,,,
155,브케인,cyndaquil,155,5,79,62,200,1,831,116,96,78,0,0,0,,,,,,
156,마그케인,quilava,156,9,190,142,201,1,1484,158,129,116,0,0,0,,,,,,
157,블레이범,typhlosion,157,17,795,240,202,1,2686,223,176,156,0,0,0,,,,,,
158,리아코,totodile,158,6,95,63,203,1,1011,117,116,100,0,0,0,,,,,,
159,엘리게이,croconaw,159,11,250,142,204,1,1598,150,151,130,0,0,0,,,,,,
160,장크로다일,feraligatr,160,23,888,239,205,1,2721,205,197,170,0,0,0,,,,,,
161,꼬리선,sentret,161,8,60,43,206,1,519,79,77,70,0,0,0,,,,,,
162,다꼬리,furret,162,18,325,145,207,1,1667,148,130,170,0,0,0,,,,,,
163,부우부,hoothoot,163,7,212,52,208,1,640,67,101,120,0,0,0,,,,,,
164,야부엉,noctowl,164,16,408,155,209,1,2040,145,179,200,0,0,0,,,,,,
165,레디바,ledyba,165,10,108,53,210,1,663,72,142,80,0,0,0,,,,,,
166,레디안,ledian,166,14,356,137,211,1,1275,107,209,110,0,0,0,,,,,,
167,페이검,spinarak,167,5,85,50,212,1,685,105,73,80,0,0,0,,,,,,
168,아리아도스,ariados,168,11,335,137,213,1,1636,161,128,140,0,0,0,,,,,,
169,크로뱃,crobat,169,18,750,241,50,1,2466,194,178,170,0,0,0,,,,,,
170,초라기,chinchou,170,5,120,66,214,1,1067,106,106,150,0,0,0,,,,,,
171,랜턴,lanturn,171,12,225,161,215,1,2077,146,146,250,0,0,0,,,,,,
172,피츄,pichu,172,3,20,41,29,1,376,77,63,40,0,0,0,,,,,,번개 구름이 있을 때나 공기가 건조한 날은 전기가 쉽게 모인다. 타다닥 정전기 소리가 난다.
173,삐,cleffa,173,3,30,44,40,1,620,75,91,100,0,0,0,,,,,,별똥별이 많은 밤에는 둥글게 모여 춤추는 삐의 모습을 볼 수 있다. 일출 때까지 춤추며 밤이슬로 목을 축인다.
174,푸푸린,igglybuff,174,3,10,42,45,1,512,69,34,180,0,0,0,,,,,,성대가 아직 충분히 발달하지 않아서 노래를 계속 부르면 목이 아프다. 깨끗한 시냇물로 양치질을 한다.
175,토게피,togepi,175,3,15,49,216,1,540,67,116,70,0,0,0,,,,,,사람이나 포켓몬이 내뿜는 자상함과 즐거운 감정을 에너지로 삼는다. 껍질 안에 모은 행복을 나눠준다.
176,토게틱,togetic,176,6,32,142,217,1,1543,139,191,110,0,0,0,,,,,,행운을 가져다주는 포켓몬이라고 전해진다 순수한 마음을 지닌 사람을 발견하면 모습을 드러내고 행복을 나누어준다.
177,네이티,natu,177,2,20,64,219,1,925,134,89,80,0,0,0,,,,,,
178,네이티오,xatu,178,15,150,165,220,1,1975,192,146,130,0,0,0,,,,,,
179,메리프,mareep,179,6,78,56,221,1,887,114,82,110,0,0,0,,,,,,
180,보송송,flaaffy,180,8,133,128,222,1,1402,145,112,140,0,0,0,,,,,,
181,전룡,ampharos,181,14,615,225,223,1,2695,211,172,180,0,0,0,,,,,,
182,아르코,bellossom,182,4,58,216,54,1,2108,169,189,150,0,0,0,,,,,,
183,마릴,marill,183,4,85,88,226,1,420,37,93,140,0,0,0,,,,,,
184,마릴리,azumarill,184,8,285,185,227,1,1503,112,152,200,0,0,0,,,,,,
185,꼬지모,sudowoodo,185,12,380,144,229,1,2065,167,198,140,0,0,0,,,,,,
186,왕구리,politoed,186,11,339,225,72,1,2371,174,192,180,0,0,0,,,,,,
187,통통코,hoppip,187,4,5,50,230,1,508,67,101,70,0,0,0,,,,,,
188,두코,skiploom,188,6,10,119,231,1,882,91,127,110,0,0,0,,,,,,
189,솜솜코,jumpluff,189,8,30,203,232,1,1553,118,197,150,0,0,0,,,,,,
190,에이팜,aipom,190,8,115,72,233,1,1188,136,112,110,0,0,0,,,,,,
191,해너츠,sunkern,191,3,18,36,235,1,316,55,55,60,0,0,0,,,,,,
192,해루미,sunflora,192,8,85,149,236,1,2048,185,148,150,0,0,0,,,,,,
193,왕자리,yanma,193,12,380,78,237,1,1326,154,94,130,0,0,0,,,,,,
194,우파,wooper,194,4,85,42,239,1,596,75,75,110,0,0,0,,,,,,
195,누오,quagsire,195,14,750,151,240,1,1929,152,152,190,0,0,0,,,,,,
196,에브이,espeon,196,9,265,184,171,1,3000,261,194,130,0,0,0,,,,,,
197,블래키,umbreon,197,10,270,184,172,1,2052,126,250,190,0,0,0,,,,,,
198,니로우,murkrow,198,5,21,81,241,1,1392,175,87,120,0,0,0,,,,,,
199,야도킹,slowking,199,20,795,172,92,1,2482,177,194,190,0,0,0,,,,,,
200,무우마,misdreavus,200,7,10,87,243,1,1781,167,167,120,0,0,0,,,,,,
201,안농,unown,201,5,50,118,245,1,1022,136,91,96,0,0,0,,,,,,
202,마자용,wobbuffet,202,13,285,142,247,1,1024,60,106,380,0,0,0,,,,,,
203,키링키,girafarig,203,15,415,159,248,1,1863,182,133,140,0,0,0,,,,,,
204,피콘,pineco,204,6,72,58,249,1,1045,108,146,100,0,0,0,,,,,,
205,쏘콘,forretress,205,12,1258,163,250,1,2263,161,242,150,0,0,0,,,,,,
206,노고치,dunsparce,206,15,140,145,251,1,1615,131,131,200,0,0,0,,,,,,
207,글라이거,gligar,207,11,648,86,252,1,1758,143,204,130,0,0,0,,,,,,
208,강철톤,steelix,208,92,4000,179,110,1,2439,148,333,150,0,0,0,,,,,,
209,블루,snubbull,209,6,78,60,254,1,1124,137,89,120,0,0,0,,,,,,
210,그랑블루,granbull,210,14,487,158,255,1,2440,212,137,180,0,0,0,,,,,,
211,침바루,qwilfish,211,5,39,86,256,1,1910,184,148,130,0,0,0,,,,,,
212,핫삼,scizor,212,18,1180,175,149,1,2801,236,191,140,0,0,0,,,,,,
213,단단지,shuckle,213,6,205,177,257,1,300,17,396,40,0,0,0,,,,,,
214,헤라크로스,heracross,214,15,540,175,258,1,2938,234,189,160,0,0,0,,,,,,
215,포푸니,sneasel,215,9,280,86,260,1,1868,189,157,110,0,0,0,,,,,,
216,깜지곰,teddiursa,216,6,88,66,262,1,1184,142,93,120,0,0,0,,,,,,
217,링곰,ursaring,217,18,1258,175,263,1,2760,236,144,180,0,0,0,,,,,,
218,마그마그,slugma,218,7,350,50,264,1,750,118,71,80,0,0,0,,,,,,
219,마그카르고,magcargo,219,8,550,144,265,1,1543,139,209,100,0,0,0,,,,,,
220,꾸꾸리,swinub,220,4,65,50,266,1,663,90,74,100,0,0,0,,,,,,
221,메꾸리,piloswine,221,11,558,158,267,1,2284,181,147,200,0,0,0,,,,,,
222,코산호,corsola,222,6,50,133,269,1,1214,118,156,110,0,0,0,,,,,,
223,총어,remoraid,223,6,120,60,270,1,749,127,69,70,0,0,0,,,,,,
224,대포무노,octillery,224,9,285,168,271,1,2124,197,141,150,0,0,0,,,,,,
225,딜리버드,delibird,225,9,160,116,272,1,937,128,90,90,0,0,0,,,,,,
226,만타인,mantine,226,21,2200,163,274,1,2032,148,260,130,0,0,0,,,,,,
227,무장조,skarmory,227,17,505,163,275,1,2032,148,260,130,0,0,0,,,,,,
228,델빌,houndour,228,6,108,66,276,1,1110,152,93,90,0,0,0,,,,,,
229,헬가,houndoom,229,14,350,175,277,1,2529,224,159,150,0,0,0,,,,,,
230,킹드라,kingdra,230,18,1520,243,141,1,2424,194,194,150,0,0,0,,,,,,
231,코코리,phanpy,231,5,335,66,279,1,1175,107,107,180,0,0,0,,,,,,
232,코리갑,donphan,232,11,1200,175,280,1,3022,214,214,180,0,0,0,,,,,,
233,폴리곤2,porygon2,233,6,325,180,177,1,2546,198,183,170,0,0,0,,,,,,
234,노라키,stantler,234,14,712,163,281,1,1988,192,132,146,0,0,0,,,,,,
235,루브도,smeargle,235,12,580,88,282,1,389,40,88,110,0,0,0,,,,,,
236,배루키,tyrogue,236,7,210,42,121,1,404,64,64,70,0,0,0,,,,,,
237,카포에라,hitmontop,237,14,480,159,124,1,1905,173,214,100,0,0,0,,,,,,
238,뽀뽀라,smoochum,238,4,60,61,151,1,1230,153,116,90,0,0,0,,,,,,기운차게 돌아다니지만 자주 넘어진다. 벌떡 일어나서는 호수의 수면에 얼굴을 비추고 더러워지지 않았는지 살핀다.
239,에레키드,elekid,239,6,235,72,153,1,1073,135,110,90,0,0,0,,,,,,금속을 만져서 몸에 모은 전기가 방전돼버리면 양손을 빙글빙글 돌려서 다시 전기를 모은다.
240,마그비,magby,240,7,214,73,156,1,1178,151,108,90,0,0,0,,,,,,노란색 불꽃이 입에서 뿜어져 나오는 것은 건강하다는 증거이지만 지쳐 있을 때는 검은 연기가 섞이게 된다.
241,밀탱크,miltank,241,12,755,172,283,1,2312,157,211,190,0,0,0,,,,,,
242,해피너스,blissey,242,15,468,608,134,1,3219,129,229,510,0,0,0,,,,,,
243,라이코,raikou,243,19,1780,261,284,1,3349,241,210,180,0,0,0,,,,,,
244,앤테이,entei,244,21,1980,261,285,1,3412,235,180,230,0,0,0,,,,,,
245,스이쿤,suicune,245,20,1870,261,286,1,2823,180,235,200,0,0,0,,,,,,
246,애버라스,larvitar,246,6,720,60,287,1,904,115,93,100,0,0,0,,,,,,
247,데기라스,pupitar,247,12,1520,144,288,1,1608,155,133,140,0,0,0,,,,,,
248,마기라스,tyranitar,248,20,2020,270,289,1,3670,251,212,200,0,0,0,,,,,,
249,루기아,lugia,249,52,2160,306,291,1,3598,193,323,212,0,0,0,,,,,,
250,칠색조,ho-oh,250,38,1990,306,292,1,4650,263,301,212,0,0,0,,,,,,
251,세레비,celebi,251,6,50,270,293,1,3090,210,210,200,0,0,0,,,,,,